nomenclador,code,name,chapter,practice_type,setting,galeno_units,expense_units,anesthesia_units,biochemical_units,radiology_units,requires_authorization,requires_consent,description
NACIONAL,42.01.01,Consulta en consultorio,CONSULTAS,CONSULTA,AMBULATORIO,40,10,0,0,0,false,false,
NACIONAL,42.01.02,Consulta en domicilio,CONSULTAS,CONSULTA,AMBULATORIO,60,20,0,0,0,false,false,
NACIONAL,42.01.03,Consulta de urgencia en consultorio,CONSULTAS,CONSULTA,AMBULATORIO,55,15,0,0,0,false,false,
NACIONAL,42.01.04,Consulta de urgencia en domicilio,CONSULTAS,CONSULTA,AMBULATORIO,85,25,0,0,0,false,false,
NACIONAL,42.02.01,Consulta de primera vez con especialista,CONSULTAS,CONSULTA,AMBULATORIO,50,12,0,0,0,false,false,
NACIONAL,42.02.02,Consulta ulterior con especialista,CONSULTAS,CONSULTA,AMBULATORIO,38,10,0,0,0,false,false,
NACIONAL,42.03.01,Consulta de guardia,CONSULTAS,CONSULTA,AMBULATORIO,55,18,0,0,0,false,false,
NACIONAL,42.04.01,Interconsulta en internacion,CONSULTAS,CONSULTA,INTERNACION,45,0,0,0,0,false,false,Honorario del especialista convocado por el medico de cabecera.
NACIONAL,42.05.01,Junta medica,CONSULTAS,CONSULTA,AMBOS,90,0,0,0,0,true,false,Se liquida por profesional interviniente.
NACIONAL,11.01.01,Dia de internacion en habitacion compartida,INTERNACION,INTERNACION,INTERNACION,25,180,0,0,0,false,false,Pension diaria: incluye cama comida y enfermeria general.
NACIONAL,11.01.02,Dia de internacion en habitacion individual,INTERNACION,INTERNACION,INTERNACION,25,260,0,0,0,false,false,
NACIONAL,11.02.01,Dia de internacion en unidad de cuidados intensivos adultos,INTERNACION,INTERNACION,INTERNACION,90,620,0,0,0,true,false,
NACIONAL,11.02.02,Dia de internacion en unidad coronaria,INTERNACION,INTERNACION,INTERNACION,90,600,0,0,0,true,false,
NACIONAL,11.02.03,Dia de internacion en cuidados intensivos pediatricos,INTERNACION,INTERNACION,INTERNACION,95,640,0,0,0,true,false,
NACIONAL,11.02.04,Dia de internacion en neonatologia,INTERNACION,INTERNACION,INTERNACION,95,660,0,0,0,true,false,
NACIONAL,11.03.01,Dia de internacion en cuidados intermedios,INTERNACION,INTERNACION,INTERNACION,55,380,0,0,0,false,false,
NACIONAL,11.04.01,Dia de internacion en aislamiento,INTERNACION,INTERNACION,INTERNACION,35,330,0,0,0,false,false,
NACIONAL,11.05.01,Dia de internacion domiciliaria,INTERNACION,INTERNACION,AMBULATORIO,40,150,0,0,0,true,false,
NACIONAL,15.01.01,Apendicectomia,CIRUGIA,CIRUGIA,INTERNACION,180,120,60,0,0,true,true,
NACIONAL,15.01.02,Colecistectomia videolaparoscopica,CIRUGIA,CIRUGIA,INTERNACION,320,180,90,0,0,true,true,Incluye honorarios de cirujano ayudante e instrumentacion.
NACIONAL,15.01.03,Herniorrafia inguinal unilateral,CIRUGIA,CIRUGIA,AMBOS,160,110,55,0,0,true,true,
NACIONAL,15.01.04,Herniorrafia umbilical,CIRUGIA,CIRUGIA,AMBOS,140,95,50,0,0,true,true,
NACIONAL,15.01.05,Laparotomia exploradora,CIRUGIA,CIRUGIA,INTERNACION,260,160,85,0,0,true,true,
NACIONAL,15.01.06,Colectomia segmentaria,CIRUGIA,CIRUGIA,INTERNACION,420,240,120,0,0,true,true,
NACIONAL,15.01.07,Gastrectomia subtotal,CIRUGIA,CIRUGIA,INTERNACION,460,260,130,0,0,true,true,
NACIONAL,15.01.08,Esplenectomia,CIRUGIA,CIRUGIA,INTERNACION,340,200,100,0,0,true,true,
NACIONAL,15.02.01,Tiroidectomia total,CIRUGIA,CIRUGIA,INTERNACION,380,210,105,0,0,true,true,
NACIONAL,15.02.02,Mastectomia radical modificada,CIRUGIA,CIRUGIA,INTERNACION,430,250,120,0,0,true,true,
NACIONAL,15.03.01,Safenectomia unilateral,CIRUGIA,CIRUGIA,AMBOS,220,140,70,0,0,true,true,
NACIONAL,15.03.02,Cirugia de revascularizacion miocardica,CIRUGIA,CIRUGIA,INTERNACION,980,620,260,0,0,true,true,
NACIONAL,15.03.03,Angioplastia coronaria con colocacion de stent,CIRUGIA,CIRUGIA,INTERNACION,620,480,90,0,0,true,true,No incluye el material descartable ni el stent.
NACIONAL,15.04.01,Nefrectomia,CIRUGIA,CIRUGIA,INTERNACION,450,260,125,0,0,true,true,
NACIONAL,15.04.02,Prostatectomia radical,CIRUGIA,CIRUGIA,INTERNACION,470,270,130,0,0,true,true,
NACIONAL,15.04.03,Reseccion transuretral de prostata,CIRUGIA,CIRUGIA,INTERNACION,320,190,95,0,0,true,true,
NACIONAL,15.04.04,Ureterolitotricia endoscopica,CIRUGIA,CIRUGIA,AMBOS,280,170,80,0,0,true,true,
NACIONAL,15.05.01,Artroscopia de rodilla,CIRUGIA,CIRUGIA,AMBOS,290,180,85,0,0,true,true,
NACIONAL,15.05.02,Artroplastia total de cadera,CIRUGIA,CIRUGIA,INTERNACION,760,520,180,0,0,true,true,No incluye la protesis.
NACIONAL,15.05.03,Artroplastia total de rodilla,CIRUGIA,CIRUGIA,INTERNACION,780,540,180,0,0,true,true,No incluye la protesis.
NACIONAL,15.05.04,Osteosintesis de femur,CIRUGIA,CIRUGIA,INTERNACION,420,260,110,0,0,true,true,
NACIONAL,15.05.05,Reduccion incruenta de fractura con inmovilizacion,CIRUGIA,PRACTICA,AMBOS,120,70,30,0,0,false,true,
NACIONAL,15.06.01,Craneotomia por hematoma intracraneal,CIRUGIA,CIRUGIA,INTERNACION,860,560,220,0,0,true,true,
NACIONAL,15.06.02,Laminectomia lumbar,CIRUGIA,CIRUGIA,INTERNACION,540,320,150,0,0,true,true,
NACIONAL,15.07.01,Facoemulsificacion con implante de lente intraocular,CIRUGIA,CIRUGIA,AMBOS,300,220,60,0,0,true,true,No incluye la lente intraocular.
NACIONAL,15.07.02,Vitrectomia,CIRUGIA,CIRUGIA,AMBOS,380,260,80,0,0,true,true,
NACIONAL,15.08.01,Amigdalectomia,CIRUGIA,CIRUGIA,AMBOS,190,130,65,0,0,true,true,
NACIONAL,15.08.02,Septoplastia,CIRUGIA,CIRUGIA,AMBOS,210,140,70,0,0,true,true,
NACIONAL,15.08.03,Timpanoplastia,CIRUGIA,CIRUGIA,AMBOS,260,160,80,0,0,true,true,
NACIONAL,15.09.01,Toracotomia exploradora,CIRUGIA,CIRUGIA,INTERNACION,520,320,160,0,0,true,true,
NACIONAL,15.09.02,Lobectomia pulmonar,CIRUGIA,CIRUGIA,INTERNACION,680,420,190,0,0,true,true,
NACIONAL,15.09.03,Drenaje pleural bajo agua,CIRUGIA,PRACTICA,INTERNACION,110,80,20,0,0,false,true,
NACIONAL,17.01.01,Parto vaginal unico,OBSTETRICIA,PRACTICA,INTERNACION,240,150,0,0,0,false,false,Incluye atencion del recien nacido en sala de partos.
NACIONAL,17.01.02,Parto vaginal instrumentado con forceps,OBSTETRICIA,PRACTICA,INTERNACION,300,170,45,0,0,false,true,
NACIONAL,17.02.01,Operacion cesarea,OBSTETRICIA,CIRUGIA,INTERNACION,360,230,95,0,0,true,true,
NACIONAL,17.03.01,Legrado evacuador,OBSTETRICIA,CIRUGIA,INTERNACION,170,110,55,0,0,false,true,
NACIONAL,17.04.01,Histerectomia total abdominal,OBSTETRICIA,CIRUGIA,INTERNACION,440,260,125,0,0,true,true,
NACIONAL,17.05.01,Ligadura tubaria bilateral,OBSTETRICIA,CIRUGIA,AMBOS,260,160,80,0,0,true,true,Requiere consentimiento informado conforme Ley 26.130.
NACIONAL,21.01.01,Anestesia general,ANESTESIA,ANESTESIA,AMBOS,0,0,120,0,0,false,true,Las unidades se ajustan por tiempo quirurgico y riesgo del paciente.
NACIONAL,21.01.02,Anestesia raquidea,ANESTESIA,ANESTESIA,AMBOS,0,0,90,0,0,false,true,
NACIONAL,21.01.03,Anestesia peridural,ANESTESIA,ANESTESIA,AMBOS,0,0,95,0,0,false,true,
NACIONAL,21.01.04,Sedacion con anestesia local asistida,ANESTESIA,ANESTESIA,AMBOS,0,0,55,0,0,false,true,
NACIONAL,21.02.01,Analgesia peridural para trabajo de parto,ANESTESIA,ANESTESIA,INTERNACION,0,0,80,0,0,false,true,
NACIONAL,18.01.01,Electrocardiograma de reposo,PRACTICAS_ESPECIALIZADAS,PRACTICA,AMBOS,25,12,0,0,0,false,false,
NACIONAL,18.01.02,Ergometria,PRACTICAS_ESPECIALIZADAS,PRACTICA,AMBULATORIO,60,40,0,0,0,false,false,
NACIONAL,18.01.03,Holter de 24 horas,PRACTICAS_ESPECIALIZADAS,PRACTICA,AMBOS,70,45,0,0,0,true,false,
NACIONAL,18.01.04,Monitoreo ambulatorio de presion arterial,PRACTICAS_ESPECIALIZADAS,PRACTICA,AMBULATORIO,55,35,0,0,0,true,false,
NACIONAL,18.01.05,Ecocardiograma doppler color,PRACTICAS_ESPECIALIZADAS,PRACTICA,AMBOS,90,60,0,0,0,false,false,
NACIONAL,18.02.01,Espirometria,PRACTICAS_ESPECIALIZADAS,PRACTICA,AMBOS,35,20,0,0,0,false,false,
NACIONAL,18.02.02,Videoendoscopia digestiva alta,PRACTICAS_ESPECIALIZADAS,PRACTICA,AMBOS,140,110,40,0,0,true,true,
NACIONAL,18.02.03,Videocolonoscopia,PRACTICAS_ESPECIALIZADAS,PRACTICA,AMBOS,180,140,50,0,0,true,true,
NACIONAL,18.02.04,Polipectomia endoscopica,PRACTICAS_ESPECIALIZADAS,PRACTICA,AMBOS,210,150,50,0,0,true,true,
NACIONAL,18.03.01,Electroencefalograma,PRACTICAS_ESPECIALIZADAS,PRACTICA,AMBOS,60,35,0,0,0,false,false,
NACIONAL,18.03.02,Electromiograma,PRACTICAS_ESPECIALIZADAS,PRACTICA,AMBOS,80,45,0,0,0,true,false,
NACIONAL,18.04.01,Sesion de hemodialisis,PRACTICAS_ESPECIALIZADAS,PRACTICA,AMBOS,90,260,0,0,0,true,true,
NACIONAL,18.04.02,Dialisis peritoneal por dia,PRACTICAS_ESPECIALIZADAS,PRACTICA,AMBOS,80,240,0,0,0,true,true,
NACIONAL,18.05.01,Colocacion de acceso venoso central,PRACTICAS_ESPECIALIZADAS,PRACTICA,INTERNACION,90,70,0,0,0,false,true,
NACIONAL,18.05.02,Intubacion orotraqueal,PRACTICAS_ESPECIALIZADAS,PRACTICA,INTERNACION,70,40,0,0,0,false,false,
NACIONAL,18.05.03,Asistencia respiratoria mecanica por dia,PRACTICAS_ESPECIALIZADAS,PRACTICA,INTERNACION,60,320,0,0,0,true,false,
NACIONAL,18.05.04,Puncion lumbar diagnostica,PRACTICAS_ESPECIALIZADAS,PRACTICA,AMBOS,65,35,0,0,0,false,true,
NACIONAL,18.05.05,Puncion biopsia hepatica,PRACTICAS_ESPECIALIZADAS,PRACTICA,INTERNACION,120,80,30,0,0,true,true,
NACIONAL,18.05.06,Paracentesis evacuadora,PRACTICAS_ESPECIALIZADAS,PRACTICA,AMBOS,70,40,0,0,0,false,true,
NACIONAL,18.05.07,Toracocentesis,PRACTICAS_ESPECIALIZADAS,PRACTICA,AMBOS,75,45,0,0,0,false,true,
NACIONAL,18.05.08,Colocacion de sonda vesical,PRACTICAS_ESPECIALIZADAS,PRACTICA,AMBOS,25,20,0,0,0,false,false,
NACIONAL,18.05.09,Curacion de herida quirurgica,PRACTICAS_ESPECIALIZADAS,PRACTICA,AMBOS,20,18,0,0,0,false,false,
NACIONAL,34.01.01,Radiografia de torax frente,DIAGNOSTICO_POR_IMAGENES,IMAGENES,AMBOS,12,0,0,0,30,false,false,
NACIONAL,34.01.02,Radiografia de torax frente y perfil,DIAGNOSTICO_POR_IMAGENES,IMAGENES,AMBOS,16,0,0,0,45,false,false,
NACIONAL,34.02.01,Radiografia de abdomen simple,DIAGNOSTICO_POR_IMAGENES,IMAGENES,AMBOS,12,0,0,0,32,false,false,
NACIONAL,34.03.01,Radiografia de columna lumbosacra,DIAGNOSTICO_POR_IMAGENES,IMAGENES,AMBOS,14,0,0,0,38,false,false,
NACIONAL,34.04.01,Radiografia de miembro,DIAGNOSTICO_POR_IMAGENES,IMAGENES,AMBOS,10,0,0,0,26,false,false,
NACIONAL,34.05.01,Ecografia abdominal completa,DIAGNOSTICO_POR_IMAGENES,IMAGENES,AMBOS,45,0,0,0,60,false,false,
NACIONAL,34.05.02,Ecografia renal y vesicoprostatica,DIAGNOSTICO_POR_IMAGENES,IMAGENES,AMBOS,40,0,0,0,55,false,false,
NACIONAL,34.05.03,Ecografia obstetrica,DIAGNOSTICO_POR_IMAGENES,IMAGENES,AMBOS,40,0,0,0,55,false,false,
NACIONAL,34.05.04,Ecografia ginecologica transvaginal,DIAGNOSTICO_POR_IMAGENES,IMAGENES,AMBOS,42,0,0,0,58,false,false,
NACIONAL,34.05.05,Ecografia de partes blandas,DIAGNOSTICO_POR_IMAGENES,IMAGENES,AMBOS,35,0,0,0,48,false,false,
NACIONAL,34.05.06,Ecodoppler venoso de miembros inferiores,DIAGNOSTICO_POR_IMAGENES,IMAGENES,AMBOS,60,0,0,0,80,false,false,
NACIONAL,34.06.01,Tomografia computada de cerebro sin contraste,DIAGNOSTICO_POR_IMAGENES,IMAGENES,AMBOS,70,0,0,0,180,true,false,
NACIONAL,34.06.02,Tomografia computada de cerebro con contraste,DIAGNOSTICO_POR_IMAGENES,IMAGENES,AMBOS,85,0,0,0,220,true,false,
NACIONAL,34.06.03,Tomografia computada de torax,DIAGNOSTICO_POR_IMAGENES,IMAGENES,AMBOS,85,0,0,0,220,true,false,
NACIONAL,34.06.04,Tomografia computada de abdomen y pelvis con contraste,DIAGNOSTICO_POR_IMAGENES,IMAGENES,AMBOS,95,0,0,0,260,true,false,
NACIONAL,34.07.01,Resonancia magnetica de cerebro,DIAGNOSTICO_POR_IMAGENES,IMAGENES,AMBOS,120,0,0,0,340,true,false,
NACIONAL,34.07.02,Resonancia magnetica de columna lumbar,DIAGNOSTICO_POR_IMAGENES,IMAGENES,AMBOS,120,0,0,0,340,true,false,
NACIONAL,34.07.03,Resonancia magnetica de rodilla,DIAGNOSTICO_POR_IMAGENES,IMAGENES,AMBOS,110,0,0,0,310,true,false,
NACIONAL,34.08.01,Mamografia bilateral,DIAGNOSTICO_POR_IMAGENES,IMAGENES,AMBULATORIO,45,0,0,0,90,false,false,
NACIONAL,34.09.01,Centellograma oseo,DIAGNOSTICO_POR_IMAGENES,IMAGENES,AMBOS,90,0,0,0,240,true,false,
NACIONAL,34.10.01,Angiografia digital,DIAGNOSTICO_POR_IMAGENES,IMAGENES,INTERNACION,180,0,0,0,420,true,true,
NBU,66.01.01,Hemograma completo,LABORATORIO,LABORATORIO,AMBOS,0,0,0,12,0,false,false,
NBU,66.01.02,Recuento de plaquetas,LABORATORIO,LABORATORIO,AMBOS,0,0,0,5,0,false,false,
NBU,66.01.03,Eritrosedimentacion,LABORATORIO,LABORATORIO,AMBOS,0,0,0,4,0,false,false,
NBU,66.02.01,Glucemia,LABORATORIO,LABORATORIO,AMBOS,0,0,0,5,0,false,false,
NBU,66.02.02,Urea en sangre,LABORATORIO,LABORATORIO,AMBOS,0,0,0,5,0,false,false,
NBU,66.02.03,Creatinina en sangre,LABORATORIO,LABORATORIO,AMBOS,0,0,0,5,0,false,false,
NBU,66.02.04,Acido urico,LABORATORIO,LABORATORIO,AMBOS,0,0,0,5,0,false,false,
NBU,66.02.05,Colesterol total,LABORATORIO,LABORATORIO,AMBOS,0,0,0,6,0,false,false,
NBU,66.02.06,Colesterol HDL,LABORATORIO,LABORATORIO,AMBOS,0,0,0,8,0,false,false,
NBU,66.02.07,Trigliceridos,LABORATORIO,LABORATORIO,AMBOS,0,0,0,7,0,false,false,
NBU,66.02.08,Hepatograma completo,LABORATORIO,LABORATORIO,AMBOS,0,0,0,22,0,false,false,
NBU,66.02.09,Bilirrubina total y fraccionada,LABORATORIO,LABORATORIO,AMBOS,0,0,0,9,0,false,false,
NBU,66.02.10,Proteinas totales y albumina,LABORATORIO,LABORATORIO,AMBOS,0,0,0,8,0,false,false,
NBU,66.03.01,Ionograma plasmatico,LABORATORIO,LABORATORIO,AMBOS,0,0,0,10,0,false,false,
NBU,66.03.02,Estado acido base en sangre arterial,LABORATORIO,LABORATORIO,INTERNACION,0,0,0,14,0,false,false,
NBU,66.03.03,Calcemia,LABORATORIO,LABORATORIO,AMBOS,0,0,0,6,0,false,false,
NBU,66.03.04,Magnesemia,LABORATORIO,LABORATORIO,AMBOS,0,0,0,6,0,false,false,
NBU,66.04.01,Tiempo de protrombina,LABORATORIO,LABORATORIO,AMBOS,0,0,0,8,0,false,false,
NBU,66.04.02,Tiempo de tromboplastina parcial activado,LABORATORIO,LABORATORIO,AMBOS,0,0,0,8,0,false,false,
NBU,66.04.03,Fibrinogeno,LABORATORIO,LABORATORIO,AMBOS,0,0,0,9,0,false,false,
NBU,66.05.01,Orina completa,LABORATORIO,LABORATORIO,AMBOS,0,0,0,7,0,false,false,
NBU,66.05.02,Urocultivo con antibiograma,LABORATORIO,LABORATORIO,AMBOS,0,0,0,18,0,false,false,
NBU,66.05.03,Hemocultivo,LABORATORIO,LABORATORIO,AMBOS,0,0,0,20,0,false,false,
NBU,66.05.04,Cultivo de secrecion con antibiograma,LABORATORIO,LABORATORIO,AMBOS,0,0,0,18,0,false,false,
NBU,66.06.01,Tirotrofina TSH,LABORATORIO,LABORATORIO,AMBOS,0,0,0,16,0,false,false,
NBU,66.06.02,Tiroxina libre T4L,LABORATORIO,LABORATORIO,AMBOS,0,0,0,16,0,false,false,
NBU,66.06.03,Hemoglobina glicosilada,LABORATORIO,LABORATORIO,AMBOS,0,0,0,15,0,false,false,
NBU,66.06.04,Insulinemia,LABORATORIO,LABORATORIO,AMBOS,0,0,0,18,0,false,false,
NBU,66.07.01,Troponina T cuantitativa,LABORATORIO,LABORATORIO,AMBOS,0,0,0,24,0,false,false,
NBU,66.07.02,Creatinfosfoquinasa total y fraccion MB,LABORATORIO,LABORATORIO,AMBOS,0,0,0,16,0,false,false,
NBU,66.07.03,Proteina C reactiva cuantitativa,LABORATORIO,LABORATORIO,AMBOS,0,0,0,12,0,false,false,
NBU,66.07.04,Procalcitonina,LABORATORIO,LABORATORIO,INTERNACION,0,0,0,30,0,true,false,
NBU,66.08.01,Serologia para HIV,LABORATORIO,LABORATORIO,AMBOS,0,0,0,22,0,false,true,
NBU,66.08.02,Antigeno de superficie de hepatitis B,LABORATORIO,LABORATORIO,AMBOS,0,0,0,20,0,false,false,
NBU,66.08.03,Serologia para hepatitis C,LABORATORIO,LABORATORIO,AMBOS,0,0,0,20,0,false,false,
NBU,66.08.04,VDRL,LABORATORIO,LABORATORIO,AMBOS,0,0,0,8,0,false,false,
NBU,66.08.05,Subunidad beta de gonadotrofina corionica,LABORATORIO,LABORATORIO,AMBOS,0,0,0,14,0,false,false,
NBU,66.09.01,Grupo sanguineo y factor Rh,LABORATORIO,LABORATORIO,AMBOS,0,0,0,8,0,false,false,
NACIONAL,22.01.01,Estudio histopatologico de biopsia por puncion,ANATOMIA_PATOLOGICA,PRACTICA,AMBOS,60,30,0,0,0,false,false,
NACIONAL,22.01.02,Estudio histopatologico de pieza quirurgica,ANATOMIA_PATOLOGICA,PRACTICA,AMBOS,90,45,0,0,0,false,false,
NACIONAL,22.02.01,Citologia exfoliativa cervical,ANATOMIA_PATOLOGICA,PRACTICA,AMBULATORIO,35,18,0,0,0,false,false,
NACIONAL,22.03.01,Inmunohistoquimica por marcador,ANATOMIA_PATOLOGICA,PRACTICA,AMBOS,110,70,0,0,0,true,false,
NACIONAL,22.04.01,Estudio por congelacion intraoperatorio,ANATOMIA_PATOLOGICA,PRACTICA,INTERNACION,100,50,0,0,0,false,false,
NACIONAL,24.01.01,Transfusion de sangre entera,HEMOTERAPIA,PRACTICA,INTERNACION,40,90,0,0,0,false,true,No incluye el valor de la unidad de sangre.
NACIONAL,24.01.02,Transfusion de globulos rojos desplasmatizados,HEMOTERAPIA,PRACTICA,INTERNACION,40,90,0,0,0,false,true,
NACIONAL,24.01.03,Transfusion de concentrado de plaquetas,HEMOTERAPIA,PRACTICA,INTERNACION,45,95,0,0,0,false,true,
NACIONAL,24.01.04,Transfusion de plasma fresco congelado,HEMOTERAPIA,PRACTICA,INTERNACION,40,85,0,0,0,false,true,
NACIONAL,24.02.01,Pruebas pretransfusionales de compatibilidad,HEMOTERAPIA,PRACTICA,INTERNACION,25,40,0,0,0,false,false,
NACIONAL,24.03.01,Plasmaferesis terapeutica,HEMOTERAPIA,PRACTICA,INTERNACION,150,320,0,0,0,true,true,
NACIONAL,25.01.01,Sesion de kinesiologia motora,KINESIOLOGIA,PRACTICA,AMBOS,22,8,0,0,0,false,false,
NACIONAL,25.01.02,Sesion de kinesiologia respiratoria,KINESIOLOGIA,PRACTICA,AMBOS,24,8,0,0,0,false,false,
NACIONAL,25.01.03,Rehabilitacion motora en internacion por dia,KINESIOLOGIA,PRACTICA,INTERNACION,30,12,0,0,0,true,false,
NACIONAL,25.02.01,Sesion de fisioterapia,KINESIOLOGIA,PRACTICA,AMBULATORIO,18,8,0,0,0,false,false,
NACIONAL,26.01.01,Sesion de fonoaudiologia,FONOAUDIOLOGIA,PRACTICA,AMBOS,25,10,0,0,0,false,false,
NACIONAL,26.02.01,Audiometria tonal,FONOAUDIOLOGIA,PRACTICA,AMBULATORIO,30,15,0,0,0,false,false,
NACIONAL,26.02.02,Impedanciometria,FONOAUDIOLOGIA,PRACTICA,AMBULATORIO,28,14,0,0,0,false,false,
NACIONAL,26.03.01,Evaluacion de la deglucion,FONOAUDIOLOGIA,PRACTICA,INTERNACION,35,12,0,0,0,false,false,
NACIONAL,27.01.01,Consulta psiquiatrica,SALUD_MENTAL,CONSULTA,AMBOS,55,12,0,0,0,false,false,
NACIONAL,27.01.02,Sesion de psicoterapia individual,SALUD_MENTAL,PRACTICA,AMBOS,45,10,0,0,0,true,false,
NACIONAL,27.01.03,Sesion de psicoterapia grupal,SALUD_MENTAL,PRACTICA,AMBULATORIO,25,8,0,0,0,true,false,
NACIONAL,27.02.01,Dia de internacion en salud mental,SALUD_MENTAL,INTERNACION,INTERNACION,45,240,0,0,0,true,false,
NACIONAL,27.03.01,Interconsulta de salud mental en internacion,SALUD_MENTAL,CONSULTA,INTERNACION,50,0,0,0,0,false,false,
NACIONAL,40.01.01,Consulta odontologica,ODONTOLOGIA,CONSULTA,AMBULATORIO,30,10,0,0,0,false,false,
NACIONAL,40.02.01,Obturacion con composite,ODONTOLOGIA,PRACTICA,AMBULATORIO,45,25,0,0,0,false,false,
NACIONAL,40.03.01,Extraccion dentaria simple,ODONTOLOGIA,PRACTICA,AMBULATORIO,40,20,0,0,0,false,true,
NACIONAL,40.03.02,Extraccion de tercer molar retenido,ODONTOLOGIA,CIRUGIA,AMBOS,90,55,25,0,0,true,true,
NACIONAL,40.04.01,Tratamiento endodontico unirradicular,ODONTOLOGIA,PRACTICA,AMBULATORIO,80,40,0,0,0,true,false,
NACIONAL,31.01.01,Traslado en ambulancia de baja complejidad,TRASLADOS,TRASLADO,AMBOS,0,120,0,0,0,false,false,
NACIONAL,31.01.02,Traslado en unidad de terapia intensiva movil,TRASLADOS,TRASLADO,AMBOS,60,280,0,0,0,true,false,
NACIONAL,31.02.01,Traslado programado para estudios,TRASLADOS,TRASLADO,AMBOS,0,90,0,0,0,true,false,
NACIONAL,31.03.01,Traslado aereo sanitario,TRASLADOS,TRASLADO,AMBOS,120,1400,0,0,0,true,true,
PROPIO,MOD-001,Modulo quirurgico de cirugia mayor ambulatoria,CIRUGIA,MODULO,AMBULATORIO,0,0,0,0,0,true,true,Importe cerrado: incluye quirofano anestesia descartables y recuperacion.
PROPIO,MOD-002,Modulo de parto,OBSTETRICIA,MODULO,INTERNACION,0,0,0,0,0,true,false,Importe cerrado por episodio: incluye pension parto y neonato sano.
PROPIO,MOD-003,Modulo dia de terapia intensiva integral,INTERNACION,MODULO,INTERNACION,0,0,0,0,0,true,false,Importe cerrado por dia: incluye pension monitoreo y practicas de rutina.
PROPIO,MOD-004,Modulo de internacion clinica por dia,INTERNACION,MODULO,INTERNACION,0,0,0,0,0,true,false,Importe cerrado por dia: incluye pension medicacion y practicas de rutina.
